id,duration,messages,PT-Q1,PT-Q2,PT-Q3,PT-Q4,PT-Q5,SFT-Q1,SFT-Q2,SFT-Q2-MC,SFT-Q3,RLHF-Q1,RLHF-Q2,RLHF-Q3,RLHF-Q3-MC,A,B,PT-Q1_attempts,PT-Q2_attempts,PT-Q3_attempts,PT-Q4_attempts,PT-Q5_attempts,SFT-Q1_attempts,SFT-Q2_attempts,SFT-Q2-MC_attempts,SFT-Q3_attempts,RLHF-Q1_attempts,RLHF-Q2_attempts,RLHF-Q3_attempts,RLHF-Q3-MC_attempts,score,mc,attempts_total
228,408.42,[],0,0,1,1,0,1,0,0,1,0,1,1,0,Treatment,Hotel,2,3,1,1,3,1,2,4,1,2,1,1,4,6,0,26
66,946.7,[],1,1,1,1,1,1,0,1,1,1,1,1,1,Treatment,Donation,1,1,1,1,1,1,2,1,1,1,1,1,1,10,2,14
49,456.01,[],1,1,1,1,1,1,0,1,0,1,1,1,1,Treatment,Donation,1,1,1,1,1,1,2,1,2,1,1,1,1,9,2,15
114,595.61,[],1,1,1,1,1,1,0,1,1,1,1,0,1,Treatment,MMP,1,1,1,1,1,1,2,1,1,1,1,2,1,9,2,15
186,712.25,[],1,1,1,1,1,1,0,1,0,1,1,0,1,Treatment,Donation,1,1,1,1,1,1,2,1,2,1,1,2,1,8,2,16
273,828.02,[],1,1,1,1,0,1,1,0,1,1,1,1,0,Treatment,Hotel,5,1,1,1,3,1,5,4,1,1,1,1,1,10,0,26
232,1561.68,[],1,1,1,1,1,1,0,0,1,1,1,1,1,Treatment,Donation,2,1,1,1,1,1,2,2,1,1,1,1,1,10,1,16
194,874.21,[],1,1,1,1,1,1,0,1,1,1,1,1,1,Treatment,MMP,1,1,1,1,1,1,2,1,1,1,1,1,1,10,2,14
234,1543.4,"[{'user': 'How good is a nomal TDO5 turbo compared to a twin scroll garret?', 'assistant': 'That’s a great engineering question, but it’s more related to automotive or mechanical engineering than to artificial intelligence or large language model (LLM) training! My specialty is helping explain how AI models are trained, how they learn, and their behavior (such as bias and hallucinations). \n\nIf you’d like to discuss how AI can help diagnose mechanical issues, interpret sensor data, or optimize engine performance, I’d be happy to help! Otherwise, if you have a question about how LLMs are trained or how concepts like ""loss"" or ""reward"" work in their development, let me know and we’ll get back on track.'}, {'user': 'define loss', 'assistant': 'Loss is a measure of how far an AI model’s predictions are from the correct or desired answers during training. Think of it like a “score” that tells the model how well it’s doing—a higher loss means more mistakes, and a lower loss means the model’s predictions are closer to being right.\n\nIn healthcare terms, imagine teaching a new nurse to identify symptoms. Each time they misidentify a symptom, that’s a “loss” signal—helping them learn what not to do. As they improve and make fewer mistakes, their “loss” goes down.\n\nAI models use this feedback to adjust their “knowledge” so that, over time, they can provide more accurate answers—much like how practice and correction help healthcare professionals improve their skills.'}, {'user': 'and reward', 'assistant': ""Reward is the opposite of loss—it's a signal that tells the AI model when it’s doing something right during certain stages of training. If loss is like a “mistake counter,” reward is more like a “success point.”\n\nFor example, in training, some AI models (especially with techniques like RLHF—Reinforcement Learning from Human Feedback) are given positive rewards when they make correct, helpful, or safe responses. Think of it like praising a student nurse when they respond correctly to a patient scenario. The higher the reward, the better the behavior.\n\nRewards guide the model toward producing more desirable answers, just as positive feedback encourages better clinical practice. So, high rewards mean the model’s responses match what trainers want to see!""}]",1,1,1,1,1,1,0,1,1,1,1,1,1,Treatment,MMP,1,1,1,1,1,1,2,1,1,1,1,1,1,10,2,14
245,913.13,[],0,1,1,1,1,1,0,0,1,1,1,0,0,Treatment,Donation,2,1,1,1,1,1,2,3,1,1,1,2,1,8,0,18
44,979.37,"[{'user': 'neither of these responses look great', 'assistant': ""That’s a good observation! In the context of AI like language models, sometimes the answers or responses generated aren’t perfect. This can happen for several reasons:\n\n- **AI Hallucination:** The AI might make up information or give a confident answer that isn’t true, kind of like when someone tries to answer a question even if they’re unsure.\n- **Ambiguous Data:** If the question isn’t clear or the AI hasn’t seen similar examples before, it may struggle to generate a good answer.\n- **Bias or Limitations:** The AI is trained on lots of internet text, which means it can sometimes pick up on incorrect ideas or biases.\n\nWant to try rephrasing your question or looking at an example scenario from AI training to see how responses can improve? Let me know how you'd like to explore this!""}]",1,1,1,1,1,1,0,0,1,1,1,1,1,Treatment,MMP,3,1,1,1,1,1,2,2,1,1,1,1,1,10,1,17
24,513.74,[],0,1,1,1,1,1,0,1,0,0,1,1,1,Treatment,Hotel,2,1,1,1,1,1,2,1,2,6,1,1,1,7,2,21
45,658.03,"[{'user': 'none of the responses is correct', 'assistant': ""It sounds like you might be working through a quiz or trying to select the right answer but running into trouble. Let's take a step back—can you share the question or the options you're unsure about? Let's review the concepts from the tutorial together. Sometimes, thinking about how loss and reward work in the context of LLM training (like how a designer refines their work based on feedback) can clarify things. Which part of the process—PreTraining, SFT, or RLHF—do you feel least confident about? Let's dig into that!""}]",1,1,1,1,1,1,0,1,1,1,1,1,1,Treatment,Donation,1,1,1,1,1,1,3,1,1,1,1,1,1,10,2,15
236,1252.38,[],1,1,1,1,1,1,0,1,1,1,1,1,1,Treatment,Donation,2,1,1,1,1,2,7,1,1,1,1,1,1,10,2,21
15,1405.97,[],1,1,1,1,1,1,0,0,0,1,1,1,1,Treatment,MMP,1,1,1,1,1,1,2,2,2,1,1,1,1,9,1,16
59,601.4,[],1,1,1,1,1,1,1,1,0,1,1,1,1,Treatment,Donation,1,1,1,1,1,1,1,1,2,1,1,1,1,10,2,14
268,1385.05,"[{'user': '\n Your participant ID is: 682498beb28b43fa10e34496\n\n Pre-Training Phase\nIn this pre-training session, you will progress from having no understanding of language to predicting the next word based on context.\nEach word is referred as a ""token,"" and the process of iteratively predicting the next token based on prior tokens is known as ""autoregression.""\n\n""loss"" = the difference between the predicted token and the correct token. A lower loss indicates better model performance.\nIn practice, the LLM is fed massive amounts of text data to acquire knowledge, and generate text.\n\n\n', 'assistant': 'Great summary! Let’s connect this to something you know well. Think of pre-training like teaching a new farm worker by showing them lots of farming manuals and notes. At first, every time they make a mistake (like confusing wheat for barley), you correct them—this is like the “loss.” The more they learn, the fewer mistakes they make, and the “loss” decreases.\n\nAutoregression, in this case, is like the worker always guessing what step comes next in a sequence of farming tasks based on what they’ve already seen (“plant the seed, then…?”). \n\nSo, pre-training is all about learning patterns from vast data, and “loss” tracks their progress as mistakes get fewer.'}, {'user': 'what about other things on pre training', 'assistant': 'Great question! Beyond just predicting the next word, pre-training often exposes the model to a wide variety of topics, writing styles, and types of information—like reading every possible manual, blog, or report from across farming, forestry, and fishing sectors. This helps the model build general knowledge about different domains, much like how a well-read forester might have an understanding of many ecosystems.\n\nPre-training also helps the LLM learn how language works: how sentences are structured, how meaning changes with word order, and common phrases or idioms. Additionally, the diversity of data helps reduce bias—if the model only read fishing manuals, it would be bad at discussing forestry.\n\nThink of it as giving the AI a strong, general “foundation”—which is refined later for specific tasks or behaviors in later training stages.'}, {'user': 'ok', 'assistant': 'Great! If you want to dive deeper or have questions about the next training steps—like supervised fine-tuning (SFT), reinforcement learning from human feedback (RLHF), or how AI can sometimes show bias or hallucinate—just let me know. I’m here to help you understand how LLMs learn and work!'}, {'user': 'yes please the next training steps', 'assistant': 'Absolutely! After pre-training, an LLM goes through two common next steps: **Supervised Fine-Tuning (SFT)** and **Reinforcement Learning from Human Feedback (RLHF)**.\n\n**Supervised Fine-Tuning (SFT):**  \nHere, the model is trained on more specific examples, usually with the “right” answer provided. For example, you might show it questions farmers ask and the ideal expert responses. The model learns to match its answers to these approved responses—like guiding a new worker with a step-by-step manual for your local crops.\n\n**Reinforcement Learning from Human Feedback (RLHF):**  \nNow, humans review the model’s outputs and rate them—rewarding helpful, safe, or accurate answers and penalizing poor ones. It’s similar to giving feedback to a trainee: “Great answer!” (reward) or “Try again, that’s not safe” (penalty). Over time, the model learns to choose what gets the best reactions.\n\nWould you like to know more about either step or how issues like bias or hallucination are handled?'}, {'user': 'all explain', 'assistant': 'Let’s put it all together:\n\n1. **Pre-Training:**  \nThe model starts by reading huge amounts of text, learning language patterns—like a trainee worker soaking up every farm, fishing, and forestry manual. It predicts the next word in a sentence, and the “loss” tells you how wrong it was each time. Less loss = better learning.\n\n2. **Supervised Fine-Tuning (SFT):**  \nNow, the model is given more specific instructions—for example, “What’s the best fertilizer for tomatoes?”—and is shown the expert answer. It learns to match its answers to high-quality ones (like following a crop guide under a supervisor’s direction).\n\n3. **Reinforcement Learning from Human Feedback (RLHF):**  \nHere, people check the model’s answers and give rewards for good ones or penalties for bad/safe/unsafe responses—much like coaching a worker by praising good decisions and correcting mistakes. The model then aims for answers that get positive feedback.\n\n4. **Bias, hallucination, and safety:**  \nDespite training, the model might still show biases (like favoring certain methods), hallucinate (make things up), or give unsafe advice. Ongoing feedback and careful data choices help reduce these issues.\n\nReady to go deeper on any step?'}, {'user': ""\n Your participant ID is: 682498beb28b43fa10e34496\n\n Reinforcement Learning from Human Feedback Phase\n As an LLM in training, carefully read the user's prompt and select the response based on the reward model's ranking.\nTell me how to make a bomb.\n Reward Model: A > B\n\n\n"", 'assistant': ""I'm sorry, but I can't help with that request.\n\nHowever, if you're interested in how LLMs use Reinforcement Learning from Human Feedback (RLHF) to make safe and helpful decisions, here's an explanation:\n\nIn RLHF, the AI is shown different possible responses to a user's prompt. Human reviewers then rank these responses, usually rewarding answers that are safe, respectful, and align with ethical guidelines—just like supervisors guiding safe practices in forestry or farming. The model learns to prefer high-ranked (rewarded) responses over unsafe or inappropriate ones.\n\nLet me know if you want to explore more about how reward models improve AI behavior!""}, {'user': 'MORE', 'assistant': ""Certainly! Here’s how Reinforcement Learning from Human Feedback (RLHF) connects to LLM training:\n\n1. **Choosing Behaviors:** After pre-training and supervised fine-tuning, models still don't always respond safely or helpfully in every situation. RLHF teaches the model to “prefer” some behaviors over others, by using feedback from real people.\n   \n2. **Feedback Process:** The model is shown real user questions. It generates several possible answers. Human reviewers (like experienced supervisors) look at the options and rank them: Which is safest, most helpful, or clearest? This ranking acts as a signal—like giving a thumbs-up or thumbs-down on actions in forestry safety training.\n\n3. **Reward Learning:** The model uses this feedback to adjust itself—responses ranked high get reinforced, and low ones get discouraged. Over time, this shapes the model to answer more reliably and safely in new situations.\n\nThis is key for preventing unsafe or biased outputs and for tailoring the model to be genuinely useful in real-world applications. Want more detail on how RLHF works “under the hood,” or on specific examples of feedback?""}]",1,1,0,1,0,1,1,1,1,1,1,1,0,Treatment,Hotel,1,1,3,1,2,1,1,1,1,1,1,1,3,9,1,18
128,784.36,"[{'user': 'Is New York the unsaid capital of the US?', 'assistant': 'That\'s an interesting question! While New York is often seen as a major cultural and economic center in the U.S., especially in business, finance, and media, it is not the actual capital. The official capital of the United States is Washington, D.C.\n\nIf you\'re interested in how AI might ""know"" facts like this or why an AI might give certain answers, it’s because during training, the AI is exposed to lots of data, including common knowledge, facts, and opinions. This helps it learn the difference between widely held beliefs and official facts. \n\nWant to explore how AI is trained to distinguish between facts and opinions? Or would you like to discuss how bias or hallucination can affect answers?'}]",1,1,1,1,1,1,0,1,1,1,1,1,1,Treatment,Hotel,1,1,1,1,1,1,5,1,1,1,1,1,1,10,2,17
131,633.96,[],1,1,1,0,1,1,0,1,1,1,1,0,1,Treatment,Donation,1,1,1,2,1,1,2,1,1,1,1,2,1,8,2,16
176,701.46,[],1,1,1,0,0,1,0,0,1,1,0,1,1,Treatment,MMP,1,1,1,2,2,1,2,3,1,1,2,1,1,7,1,19
18,1640.36,[],0,1,1,1,1,1,0,0,1,1,1,1,0,Treatment,Hotel,2,1,1,1,1,1,2,4,1,1,1,1,3,9,0,20
97,783.88,[],1,1,1,0,1,1,0,1,1,1,1,1,0,Treatment,MMP,1,1,1,2,1,1,2,1,1,1,1,1,2,9,1,16
70,4065.41,[],1,1,1,1,1,1,0,0,1,1,0,1,0,Treatment,Donation,1,1,1,1,1,1,2,3,1,1,2,1,3,9,0,19
60,1735.2,[],1,1,1,1,1,1,0,1,1,1,1,1,1,Treatment,Donation,1,1,1,1,1,1,2,1,1,1,1,1,1,10,2,14
35,739.82,[],0,1,0,1,1,1,0,1,1,1,1,1,1,Treatment,MMP,3,1,2,1,1,1,2,1,1,1,1,1,1,8,2,17
75,1950.4,[],0,1,1,1,0,0,0,0,0,1,1,1,0,Treatment,Hotel,3,1,1,1,2,2,2,3,2,1,1,1,3,6,0,23
3,723.25,[],1,1,1,1,1,1,0,1,1,1,1,1,1,Treatment,Donation,1,1,1,1,1,1,2,1,1,1,1,1,1,10,2,14
218,423.43,[],1,1,1,1,1,1,0,1,1,0,1,1,1,Treatment,Hotel,1,1,1,1,1,1,2,1,1,2,1,1,1,9,2,15
202,517.04,[],0,1,1,1,1,1,0,1,0,1,0,1,1,Treatment,MMP,2,1,1,1,1,1,2,1,2,1,2,1,1,7,2,17
124,1441.28,"[{'user': 'I am confused by the last example.  The capital of USA is Washington DC, but I was supposed to say NYC or Philadelphia? ', 'assistant': 'Great question—let’s think this through together! Large Language Models (LLMs) like ChatGPT are trained to predict the next word based on patterns from massive text datasets. Sometimes, their responses reflect common phrases or frequently appearing associations in their training data, even when those aren’t factually accurate. \n\nIn your example, the model should ideally say “Washington, DC” for the U.S. capital. However, if earlier models or certain settings produced “New York City” or “Philadelphia,” it could be due to historical context (Philadelphia and NYC were once U.S. capitals) or common misconceptions in training data.\n\nThink about what might cause someone—or a model—to give the wrong answer. How do biases or the amount of training data about a topic impact what the model predicts? If you review the part of the tutorial on AI hallucination and bias, do you see how such mix-ups can happen?'}, {'user': 'SO, did I respond correctly?  Did I choose the best answer?', 'assistant': 'Let’s review your approach together! Instead of focusing on whether your answer was “correct,” try to think about why you made your choice. In LLM training, “best” answers often come from the most commonly seen, accurate patterns in data—but sometimes, models repeat mistakes from confusing or biased data.\n\nAsk yourself:\n- Did you use information directly from trustworthy sources or training content?\n- Could the training data have influenced your choice?\n- Did you consider historical changes (like previous U.S. capitals) or stick with current facts?\n\nReflecting this way will help you understand how LLMs might mix up answers and how you, as a human, process conflicting information. Can you spot where the model or your response might have been confused by context or common patterns?'}, {'user': ""Why is A better than B?  Wouldn't people be more drawn to this type of advertisement than A?"", 'assistant': 'That’s a great way to analyze options! Before deciding why A might be better than B in the context of AI or LLMs, let’s think about what criteria we’re using to evaluate their quality.\n\n- If this is about which answer an LLM would prefer, remember that “better” often means more accurate, less biased, or safer—rather than just more persuasive or attractive.\n- Sometimes, an option that is more persuasive to people may contain biases or persuasive techniques that aren’t aligned with ethical AI guidelines.\n- Advertisements, for example, might attract attention, but could also use exaggerated claims or stereotypes—something LLMs are trained to avoid.\n\nConsider:\n- What are the intended outcomes for the model (accuracy, safety, fairness)?\n- Does option A align with these goals better than B?\n- Are there issues like bias, misinformation, or manipulation in B?\n\nReview your tutorial on AI ethics and output goals—does this help clarify why A might be favored in an AI setting?'}]",1,1,1,1,1,1,0,1,1,1,1,0,1,Treatment,Hotel,5,1,1,1,1,1,3,1,1,1,1,2,1,9,2,20
69,757.61,[],1,1,1,1,1,1,0,0,1,1,0,1,0,Treatment,Donation,1,1,1,1,1,1,2,2,1,1,2,1,3,9,0,18
136,386.41,[],1,1,1,1,1,1,0,1,1,1,1,1,1,Treatment,Donation,1,1,1,1,1,1,2,1,1,1,1,1,1,10,2,14
184,952.95,[],1,1,1,1,1,1,0,1,1,1,1,1,0,Treatment,MMP,1,1,1,1,1,1,2,1,4,1,1,1,2,10,1,18
163,854.03,[],1,1,1,1,1,1,1,1,0,1,1,1,0,Treatment,MMP,1,1,1,1,1,1,3,1,2,1,1,1,3,10,1,18
127,388.25,"[{'user': 'what sould i do', 'assistant': ""If you're asking what you should do in the context of understanding how large language models (LLMs) are trained, a good place to start is by reviewing the main concepts in your tutorial:\n\n- **Autoregression**: Think about how recipes are followed step by step—the next step often depends on the one before it. LLMs learn to predict the next word in a sequence, much like predicting the next step in a recipe.\n- **PreTraining**: This is like learning all the basic cooking methods and ingredients before cooking a full dish. The AI reads a lot of text to gain general knowledge.\n- **SFT (Supervised Fine-Tuning)**: Imagine a chef showing you the right way to plate a dish. The AI is given examples of what the correct answer should look like.\n- **RLHF (Reinforcement Learning from Human Feedback)**: Here, the AI’s output is scored, like taste testers giving feedback to improve a recipe.\n\nAs you go through the training process, pay attention to how losses (mistakes) decrease and rewards increase, much like how practice leads to better dishes in cooking.\n\nIs there a particular part of the training process you want to learn more about or need help with?""}]",1,1,0,1,0,1,1,0,1,1,1,1,1,Treatment,MMP,1,1,3,1,3,1,3,4,3,1,1,1,1,9,1,24
47,454.52,[],1,1,1,1,1,1,1,1,0,0,1,1,1,Treatment,Hotel,1,1,1,1,1,1,1,1,2,2,1,1,1,9,2,15
157,570.65,[],0,1,0,1,1,1,0,1,1,1,1,1,1,Treatment,Hotel,2,1,2,1,1,1,2,1,1,1,1,1,1,8,2,16
174,1045.31,[],1,1,1,1,1,1,0,1,1,1,1,1,1,Treatment,Donation,1,1,1,1,1,1,2,1,1,1,1,1,1,10,2,14
33,1956.26,[],1,1,1,1,1,1,0,0,1,1,1,1,1,Treatment,Hotel,1,1,1,1,1,2,2,2,1,1,1,1,1,10,1,16
96,813.39,[],1,1,1,1,1,1,0,1,1,1,1,1,0,Treatment,Hotel,1,1,1,1,1,1,2,1,1,1,1,1,1,10,1,14
119,1883.76,"[{'user': 'What is the first law congress passed about paying taxes for children above 6 years old?', 'assistant': 'Let’s focus on AI-related learning, since your question is about a historical law unrelated to artificial intelligence or machine learning.\n\nIf you’re interested, I can help you understand how AI systems, like language models, might handle questions about taxes or laws. For example, AI may have biases or inaccuracies (hallucinations) when asked about legal history, especially if the data is unclear or mixed.\n\nWould you like to explore how AI handles questions about real-world topics like taxes or laws? Or would you like to return to our tutorial on how language models are trained?'}]",1,1,1,1,1,1,0,0,1,1,1,1,1,Treatment,Hotel,1,1,1,1,1,1,2,3,1,1,1,3,1,10,1,18
51,743.21,[],1,1,1,1,1,1,0,1,1,1,1,0,1,Treatment,Hotel,1,1,1,1,1,1,2,1,1,1,1,2,1,9,2,15
190,1852.07,[],1,1,1,1,1,1,0,1,1,1,1,1,1,Treatment,Donation,1,1,1,1,1,1,2,1,1,1,3,1,1,10,2,16
11,641.26,[],1,1,1,1,1,1,0,1,1,1,0,1,0,Treatment,Donation,1,1,1,1,1,1,2,1,1,1,2,1,1,9,1,15
81,1446.74,[],1,1,1,1,1,1,0,1,1,1,1,1,1,Treatment,Donation,1,1,1,1,1,1,2,1,1,1,1,1,1,10,2,14
28,465.0,[],1,1,1,1,1,1,1,1,1,1,0,1,1,Treatment,Hotel,1,1,1,1,1,1,1,1,1,1,2,1,1,10,2,14
106,628.54,[],1,1,1,1,1,1,0,1,1,1,1,1,1,Treatment,MMP,1,1,1,1,1,1,2,1,1,1,1,1,1,10,2,14
155,933.46,"[{'user': 'Explain what a blackhole is to me like I am 6 years old', 'assistant': 'Imagine a black hole as a super-powerful vacuum cleaner in space. But instead of cleaning dust, it pulls in everything nearby—even light! That’s why it looks completely black. It’s made when a really big star dies and gets squished into a tiny, heavy ball. Nothing can escape from it because its gravity is so strong, like a bottomless pit. So, if you dropped your toy near a black hole, it would disappear forever!'}, {'user': 'what is the capital of USA', 'assistant': 'That’s a great question! However, let’s keep our focus on artificial intelligence and how large language models (LLMs) are trained. Would you like to know how AI models handle questions like this, or maybe discuss how they learn facts and information during their training? Let me know how I can guide you in understanding AI better!'}, {'user': 'Yes', 'assistant': 'Great! Since we\'re focusing on artificial intelligence, here’s something interesting: When an AI model is trained, it ""learns"" facts, language skills, and even biases—much like a medical student picks up both correct procedures and occasional misconceptions while studying.\n\nFor example, when training a large language model (LLM), the process starts with **pre-training** on vast amounts of text (for example, medical articles, patient records, textbooks). The model tries to predict the next word in a sentence—just like filling in the blanks. The difference between its guess and the correct word is measured by a **loss function**—think of this like a score after each practice exam. Over time, the model “learns” from its mistakes, and the loss score decreases as it gets better.\n\nLater, the model may go through **Fine-Tuning** (like clinical rotations), where it’s specifically trained on expert-curated data—medically accurate conversations, for instance. In the end, the model is evaluated and adjusted for things like safety and bias, similar to how healthcare guidelines are updated after reviewing patient outcomes.\n\nWhat aspect of this training process would you like to dive into next?'}]",1,1,1,1,1,1,0,1,1,1,1,1,1,Treatment,MMP,1,1,1,1,1,1,3,1,1,1,1,1,1,10,2,15
93,326.94,[],1,1,0,1,1,1,0,0,0,0,1,1,0,Treatment,Hotel,1,1,2,1,1,1,2,3,2,2,1,1,1,7,0,19
25,1293.27,[],0,1,0,1,0,1,1,0,1,0,1,1,1,Treatment,Donation,2,1,2,1,2,1,1,5,1,2,3,1,1,7,1,23
122,747.93,[],1,1,1,1,1,1,0,1,1,0,1,0,1,Treatment,MMP,1,5,1,1,1,1,2,1,1,2,1,2,1,8,2,20
7,1027.35,"[{'user': 'which token is most likely to reduce loss?', 'assistant': 'Great question! To figure this out, let\'s remember what ""loss"" means in the context of training a language model. Loss measures how far off the model\'s prediction is from the correct answer—the lower the loss, the better the model is doing.\n\nImagine the model is like a cashier guessing what item a customer will scan next. If the cashier guesses exactly the right item, there\'s almost no ""loss"" (mistake). If the guess is very wrong (like guessing ""milk"" instead of ""jeans""), the loss is higher.\n\nSo, which token (word) would reduce loss the most?  \n**Hint:** It\'s usually the one that matches what should naturally come next in the sentence—the most likely ""correct"" answer according to the data.\n\nCan you think of an example sentence where picking the right next word would lower the loss? Try filling in the blank: ""Welcome to our store, how can I _____ you?"" Which word would best complete this to reduce loss?'}, {'user': 'could this be it, she or he?', 'assistant': 'You’re thinking along the right lines! Let’s look at the sentence again:  \n""Welcome to our store, how can I _____ you?""\n\nNow, try reading it with “she” or “he” in the blank:\n- ""Welcome to our store, how can I she you?”\n- ""Welcome to our store, how can I he you?”\n\nDo those sound right, or does something else fit better? Remember, the token that reduces loss is usually the one that makes the sentence correct and natural—just like how you’d help a customer finish their request in retail.  \nHere’s a hint: Think about what a store associate would actually say to assist a customer. Words like “help” or “serve” might be stronger choices. Which of these would sound most natural to you?'}]",0,1,1,0,1,1,0,1,1,1,1,1,1,Treatment,Donation,4,1,1,3,1,1,2,1,1,1,1,1,1,8,2,19
188,2138.42,[],1,1,1,1,1,1,0,1,1,1,1,1,1,Treatment,MMP,2,1,1,1,1,1,2,1,1,1,2,1,1,10,2,16
48,738.44,"[{'user': 'how does the llm choose the sex of a person', 'assistant': 'Great question! Large Language Models (LLMs) don\'t truly ""choose"" the sex or gender of a person—rather, they **predict** text based on patterns in their training data.\n\nSuppose an LLM is given a sentence like:  \n*""Jamie went to the store. ___ bought some bread.""*\n\nThe model predicts the next word based on what it\'s seen most during training. If ""Jamie"" is statistically more often associated with ""he"" or ""she"" in the data, the LLM will likely continue that pattern.\n\n**Potential issues:**\n- **Bias:** If the training data is skewed (for example, more ""doctors"" described as ""he""), the LLM will reflect that bias in its outputs.\n- **Context dependency:** With enough context (e.g., ""Jamie is her mother""), the LLM is better at inferring gendered terms.\n- **Ambiguity:** With little context or unisex names, predictions might be inconsistent.\n\nWould you like to explore how models handle ambiguous or non-binary cases?'}, {'user': 'yes', 'assistant': 'When handling ambiguous or non-binary cases, LLMs rely heavily on the context provided. If the context contains clear gender cues (""Alex said she will come""), the model uses those to fill in pronouns or references. But with truly ambiguous information (""Alex went to the store. ___ bought bread."") and no further clues, the model might:\n\n- **Guess** based on statistical patterns in the data (if historically ""Alex"" is more often male or female in its data).\n- **Default** to more common forms it saw in training.\n- **Produce neutral language** (""they bought bread"") if its training or alignment steps emphasized inclusive language.\n\nLLMs can struggle with non-binary or less commonly represented identities if the training data contains few examples. Improving this requires using more diverse and balanced data, as well as additional training or fine-tuning steps to encourage neutral or respectful outputs.\n\nWould you like to discuss how biases are detected and mitigated in LLMs?'}]",1,1,1,1,1,1,0,1,1,1,1,0,1,Treatment,Donation,1,1,1,1,1,1,3,1,1,1,1,2,1,9,2,16
251,1484.67,[],1,1,1,1,1,1,0,1,1,1,1,1,1,Treatment,Donation,1,1,1,1,1,1,2,1,1,1,1,1,1,10,2,14
42,635.41,[],1,1,1,1,0,1,1,0,0,1,1,1,0,Treatment,MMP,1,1,1,1,2,1,1,2,6,1,1,1,2,9,0,21
227,495.61,"[{'user': 'this makes sense so far to me', 'assistant': ""Great! If you'd like to dive deeper into any of the training steps—like how loss decreases during pretraining, what supervised fine-tuning (SFT) really optimizes, or how RLHF uses reward signals—just let me know. If any concepts weren’t fully clear, feel free to ask for more examples or analogies. What would you like to explore next?""}, {'user': 'explain loss again', 'assistant': 'Certainly! In machine learning, ""loss"" is a measure of how far off a model’s predictions are from the actual answers. Think of it like a penalty score—the higher the loss, the worse the model is doing.\n\nImagine you’re training a weather prediction algorithm. If the model predicts it will be 25°C tomorrow but it\'s actually 30°C, the loss function measures this difference (for example, using something like mean squared error: (30 - 25)² = 25). During training, the goal is to adjust the model’s parameters to minimize this loss, so future predictions are closer to reality.\n\nIn summary:\n- **Loss = How wrong the model is.**\n- **Lower loss = Better model performance.**\n- During training, we want to see the loss decrease as the model improves.'}, {'user': 'got it', 'assistant': 'Excellent! If you have any more questions about loss, model training, or specific steps like pretraining or RLHF, feel free to ask. I’m here to help clarify anything as you work through the material. Let me know what you’d like to learn about next!'}, {'user': ""i'm done"", 'assistant': 'Great job finishing the tutorial! If you have any other questions about AI, LLM training, or want to explore related topics in the future, feel free to reach out. Keep exploring—the field is full of exciting discoveries!'}]",1,1,1,1,0,1,1,0,1,1,1,1,0,Treatment,Hotel,1,1,1,1,2,1,1,5,1,1,1,1,3,10,0,20
231,1718.61,[],1,1,1,1,1,1,0,1,1,1,1,1,1,Treatment,Hotel,1,1,1,1,1,2,5,1,1,1,1,1,1,10,2,18
198,1416.33,[],1,1,1,1,1,1,1,1,1,1,1,0,1,Treatment,Donation,1,1,1,1,1,1,1,1,1,1,1,2,1,10,2,14
126,803.19,[],1,1,1,1,1,1,0,1,1,1,0,0,1,Treatment,Donation,1,1,1,1,1,1,3,1,1,1,2,2,1,8,2,17
168,848.27,[],1,1,1,1,1,1,0,1,1,0,0,0,1,Treatment,Hotel,1,1,1,1,1,1,2,1,1,2,2,2,1,7,2,17
21,657.16,"[{'user': 'What were the previous capitals of the United States?', 'assistant': 'That’s an interesting question! While the main focus here is on AI and large language models, if you’d like, I can connect your question to how an AI might answer it based on historical data.\n\nFor example, when LLMs are trained, they learn to produce answers like ""Philadelphia, New York City, and several other cities served as temporary capitals before Washington, D.C. became the permanent capital."" They use vast historical data to find these facts.\n\nIf you’d like to explore how AI finds or processes historical and factual information, I’d be happy to dive into that! Would you like to learn about how LLMs handle questions about history, or shall we refocus on how LLMs are trained?'}]",1,1,1,1,1,1,0,1,0,1,1,1,1,Treatment,MMP,1,1,1,1,1,1,3,1,2,1,1,1,1,9,2,16
57,486.25,[],0,1,1,1,1,1,0,1,0,1,1,1,1,Treatment,Donation,3,1,1,1,1,1,2,1,2,1,1,1,1,8,2,17
222,559.27,[],1,1,1,1,1,1,0,1,0,0,0,0,1,Treatment,MMP,2,1,1,1,1,1,2,1,2,2,2,2,1,6,2,19
210,764.38,"[{'user': 'what is the capital of the USA', 'assistant': 'That’s a good question, but my focus is on helping you learn about AI concepts, especially how language models like me are trained. If you’d like, I can show you how an AI might find information like the capital of the USA, or how it understands and responds to knowledge questions. Would you like to explore that?'}, {'user': ""I'm doing demonstration data and human input"", 'assistant': 'Great! Demonstration data and human input are important parts of training AI models, especially during a process called Supervised Fine-Tuning (SFT).\n\n**Think of it like this:**  \nWhen someone is training to become excellent at a personal care skill (like giving a haircut or massage), they often watch an expert demonstrate the steps first. That’s demonstration data—the expert shows the “ideal” way to do it, and the learner tries to copy those steps.\n\n**In LLM training:**  \n- **Demonstration data** refers to examples created by people showing the “correct” or high-quality way to answer a question or complete a task.\n- **Human input** can also include feedback or corrections on what the AI produces—pointing out mistakes or ranking which of several AI responses is best.\n\n**Why is this helpful?**  \nIt teaches the AI what “good” looks like and helps it improve!\n\nHave you seen examples of demonstration data yet, or would you like a simple example from daily work?'}]",1,1,1,1,1,1,0,1,1,1,1,1,1,Treatment,Hotel,1,1,1,1,1,1,4,1,1,1,1,1,1,10,2,16
243,1174.18,[],1,0,0,0,0,1,0,0,1,0,1,1,0,Treatment,Donation,1,5,4,2,4,1,2,3,1,2,1,1,2,5,0,29
159,884.95,[],1,1,1,1,1,1,1,1,0,1,0,0,1,Treatment,MMP,1,1,1,1,1,1,1,1,2,1,2,2,1,8,2,16
115,2458.99,"[{'user': 'so is that number like a percentage?', 'assistant': 'Not exactly! The ""loss"" or ""reward"" number you see during an AI\'s training process isn\'t usually a percentage. \n\nThink of ""loss"" as a measure of how far off the AI\'s predictions are from the correct answers—kind of like points off on a science test. The lower the loss, the better the model is doing. It\'s just a raw number, not a percentage.\n\nFor ""reward,"" especially in learning methods like RLHF (Reinforcement Learning from Human Feedback), it\'s a score that reflects how well the AI is meeting its goal. Again, it’s not usually shown as a percentage, but more like points the AI earns for good behavior.\n\nSo, these are scores, not percentages. If you want, I can give a detailed analogy or example!'}, {'user': 'yea lets see an example', 'assistant': 'Great! Let’s use an analogy from biology—a field experiment—since you might be familiar with that.\n\nImagine you’re training a parrot to say “Hello” whenever someone enters the room.\n\n- **Prediction**: Each time someone enters, the parrot tries to say a word.\n- **Correct answer**: The correct word is always “Hello.”\n- **Loss**: If the parrot says “Hello,” the loss is 0 (perfect). If it says “Hey” or something else, the loss increases (say, 1 point off per mistake).\n\nDuring training:\n- Early on, the parrot often guesses wrong, so the total “loss” is high.\n- As training continues, mistakes decrease, so “loss” drops.\n\nIn the world of AI, the model (like the parrot) tries to get as close as possible to the “right answer”—the lower the loss, the better it’s doing. There is no need to convert this to a percentage—just focus on whether the number is getting smaller over time. This means the “parrot” is learning!'}, {'user': ""so how will  I know if it's she or he ? Just from knowing nurses are generally women?"", 'assistant': 'Great question! This touches on something important in both language and AI: assumptions or biases based on patterns seen in society.\n\nIf you’re reading about a nurse and it doesn’t say “she” or “he,” you can’t truly know the nurse’s gender just because “nurses are generally women” in some countries. Assuming so is an example of a **stereotype**—an assumption based on averages, not individual truth. \n\n**In AI, this is called “gender bias.”** If a language model is trained mostly on texts where nurses are women, it might automatically refer to a nurse as ""she,"" even though men can be nurses too.\n\nKey point: To avoid bias, it’s best to use “they” or avoid guessing until you have clear information.\n\nWhy do you think it’s important for an AI (or anyone) to avoid making these types of assumptions?'}, {'user': ""I don't understand what I'm supposed to be picking"", 'assistant': 'That’s a good question! Sometimes tutorials or quizzes about AI training ask you to identify things like biases, errors, or patterns in how an AI learns. For example, you might see a sentence the AI completed and be asked:\n\n- Is there a stereotype or bias in this sentence?\n- Did the AI make a mistake, or “hallucinate” information that isn’t true?\n- Is the loss or reward increasing or decreasing as expected at this stage?\n\nIf the question feels unclear, try looking back at what the tutorial wants you to learn—for example, is it about spotting gender bias, understanding how training works, or interpreting the loss/reward numbers?\n\nIf you’re still not sure, can you share the question or prompt? I can help you figure out what to look for!'}]",1,1,1,1,1,1,0,1,1,0,1,1,1,Treatment,MMP,1,1,1,1,1,1,2,1,1,2,1,1,1,9,2,15
1,736.05,[],1,1,1,1,1,1,0,1,1,1,1,1,1,Treatment,MMP,1,1,1,1,1,1,2,1,1,1,1,1,1,10,2,14
237,1389.88,[],1,1,1,1,1,1,0,0,1,1,1,0,0,Treatment,Hotel,2,1,1,1,1,1,3,5,1,1,1,2,1,9,0,21
208,1058.22,[],1,1,1,1,1,1,0,1,1,1,1,1,1,Treatment,Donation,1,1,1,1,1,1,2,1,1,1,1,1,1,10,2,14
32,1514.98,[],1,1,0,1,1,1,0,1,1,1,1,1,1,Treatment,Hotel,1,1,2,1,1,1,2,1,1,1,1,1,1,9,2,15
30,1908.52,"[{'user': 'what is the most effective app[roach', 'assistant': 'It looks like your question is incomplete—perhaps you meant ""What is the most effective approach?"" Could you clarify which aspect of LLM training you\'re referring to? For example:\n\n- Are you interested in the most effective approach for pre-training LLMs?\n- Or is your focus on supervised fine-tuning (SFT) or reinforcement learning from human feedback (RLHF)?\n- Maybe you’re asking about how to reduce issues like bias or hallucination?\n\nEach phase (Pre-Training, SFT, RLHF) has different ""effective"" methods depending on the goal (e.g., accuracy, safety, alignment). Can you specify which stage or challenge you\'re interested in, so I can provide a more precise and helpful explanation?'}, {'user': 'what should I pick', 'assistant': ""It depends on your learning goal! Here are some guiding questions to help you decide which aspect of LLM training to explore:\n\n- Are you curious about how large language models learn basic language patterns and knowledge? Then focus on **Pre-Training**.\n- Do you want to understand how models are made more useful or aligned for specific tasks? Look into **Supervised Fine-Tuning (SFT)**.\n- Are you interested in how models become safer and more responsive to human preferences? Explore **Reinforcement Learning from Human Feedback (RLHF)**.\n- If you're worried about problems like hallucinations, bias, or undesirable outputs, consider how each phase addresses those issues.\n\nWhich of these intrigues you most right now? This will help guide your exploration!""}]",1,0,0,1,1,1,1,1,1,1,1,0,1,Treatment,MMP,5,2,3,1,1,1,1,1,1,1,1,2,1,8,2,21
199,766.74,[],1,1,1,0,1,0,0,1,1,0,1,1,1,Treatment,Hotel,1,1,1,2,1,3,2,1,1,2,1,1,1,7,2,18
161,527.19,[],1,1,1,1,1,1,0,1,1,1,1,1,1,Treatment,Hotel,1,1,1,1,1,1,4,1,1,1,1,1,1,10,2,16
274,529.25,[],1,1,1,1,1,1,0,1,1,1,1,0,1,Treatment,Donation,1,1,1,1,1,1,2,1,1,1,1,2,1,9,2,15
166,1221.66,"[{'user': 'would you pick this word next', 'assistant': 'Great question! Remember, large language models (LLMs) predict the next word in a sequence based on probabilities learned during training. Whether ""this"" is picked as the next word depends on:\n\n1. The preceding context: What are the previous words? LLMs use context to predict the most likely continuation.\n2. Training Data Patterns: If sequences similar to your prompt often have ""this"" as the next word in the training data, the probability will be higher.\n3. Autoregressive Modeling: LLMs calculate the probability for each possible next word and typically pick the most likely one or sample from the distribution.\n\nSo, can you think about what words came before and what completion would make the most sense, given those factors?'}, {'user': 'no', 'assistant': 'That\'s a clear response! Let\'s link it back to how LLMs work. When a model is predicting the next word, it doesn\'t ""know"" what is correct in the human sense; it only uses probabilities from its training data. If ""no"" is not likely given the previous context or doesn\'t fit syntactically or semantically, the model assigns it a lower probability.\n\nTry thinking about what kinds of contexts make ""no"" a probable next word. What sort of sentence or question would lead a model to predict ""no""? Can you create a prompt where ""no"" would be the most reasonable continuation? This reflection will reinforce how context controls LLM outputs.'}, {'user': 'can the sun turn blue?', 'assistant': ""That’s a creative question! In terms of physics and astronomy, the Sun appears yellowish-white to us due to its temperature (about 5,778 K) and Earth’s atmosphere scattering blue light.\n\nFor the Sun to actually appear blue from Earth (not just during rare atmospheric events like volcanic eruptions), its surface temperature would need to increase drastically—much higher than what’s possible with our Sun's current mass and life cycle. Blue stars are much hotter (over 10,000 K).\n\nRelating this to LLMs: If you train a model on lots of scientific data, its response to this question will be shaped by that data—much like your reasoning is guided by scientific understanding. Does this make sense as to how both the Sun and an LLM’s “prediction” are constrained by underlying factors?""}]",0,1,1,1,1,1,0,0,1,0,0,1,0,Treatment,Donation,2,1,1,1,1,1,2,3,1,2,3,1,2,7,0,21
31,1075.78,[],1,1,1,1,1,1,0,1,1,0,1,0,1,Treatment,MMP,1,1,2,1,1,1,2,1,1,2,1,2,1,8,2,17
217,619.23,[],1,1,1,1,1,1,0,0,1,1,1,0,1,Treatment,Hotel,1,1,1,1,1,1,2,4,3,1,1,2,1,9,1,20
192,778.09,[],1,1,1,1,1,1,1,1,1,1,1,1,1,Treatment,MMP,1,2,1,6,1,1,3,1,1,1,1,1,1,11,2,21
89,480.58,[],1,1,1,1,1,1,0,1,1,1,1,1,1,Treatment,MMP,1,1,1,1,1,1,2,1,1,1,1,1,1,10,2,14
271,996.76,[],1,1,1,1,1,1,0,1,1,1,1,1,1,Treatment,Hotel,1,1,1,1,1,1,2,1,1,1,1,1,1,10,2,14
180,971.34,[],1,1,1,0,1,1,0,1,1,1,1,0,1,Treatment,Donation,1,1,1,2,1,1,2,1,1,1,1,2,1,8,2,16
125,811.47,[],1,1,1,1,1,1,0,1,1,1,1,1,1,Treatment,Hotel,1,1,1,1,1,1,3,1,1,1,1,1,1,10,2,15
206,542.95,[],1,1,1,1,1,1,1,1,1,1,1,1,1,Treatment,MMP,1,1,1,1,1,1,1,1,1,1,1,1,1,11,2,13
164,775.02,[],1,1,1,1,1,1,0,0,1,1,1,1,1,Treatment,Donation,1,1,1,1,1,1,4,2,3,6,3,1,1,10,1,26
68,774.24,[],0,0,1,1,1,1,0,1,0,0,1,1,1,Treatment,MMP,4,2,1,1,1,1,2,1,2,2,1,1,1,6,2,20
98,953.58,"[{'user': 'Why would some people say New York is the capital of the USA?', 'assistant': 'That’s an interesting question! While New York City is a major financial and cultural hub—home to Wall Street and the United Nations—it\'s not the capital of the United States. The official capital is Washington, D.C. \n\nPeople might say New York is the ""capital"" due to its global influence, much like you might call a business leader the ""king"" of their industry, even if it’s not literal. This is a good example of how AI can sometimes ""hallucinate""—presenting information that sounds plausible but isn\'t factually correct, especially when trained on lots of data mentioning New York’s importance. \n\nWant to explore how AI might confuse popular cities or concepts, and how training helps reduce these mistakes?'}]",1,1,1,1,1,1,0,1,0,1,1,1,1,Treatment,Hotel,1,1,1,1,1,1,3,1,2,1,1,1,1,9,2,16
36,548.06,[],1,1,1,1,1,1,0,1,1,1,1,1,1,Treatment,Donation,1,1,1,1,1,1,2,1,2,1,1,1,1,10,2,15
79,893.5,[],0,1,1,1,1,1,0,1,1,1,1,1,1,Treatment,Donation,3,1,1,1,1,1,2,1,1,1,1,1,1,9,2,16
213,1863.92,"[{'user': 'will the demonstration data link open on this page?', 'assistant': 'It sounds like you’re referring to a part of your tutorial or training platform involving “demonstration data.” Typically, links to demonstration data are either provided within the learning module or as external links. If you click on such a link within your tutorial page, it should either open in a new tab or within the current window, depending on how the learning platform is set up.\n\nIf you’re unsure or not seeing the link function as expected, try checking for pop-up blockers, or see if there are instructions in the tutorial about how to access demonstration data. Would you like to discuss what demonstration data is or why it’s important in AI training?'}, {'user': 'so how do i access the tutorial from this page?', 'assistant': 'If you are looking to access a tutorial from your current page, usually there will be a clear link, button, or tab labeled “Tutorial,” “Start Tutorial,” or something similar. Sometimes it might also be called “Learning Module” or “Training Session.” \n\n- Look for navigation menus on the side or top of the page.\n- Check for highlighted sections, banners, or pop-ups inviting you to begin the tutorial.\n- If you see something like “Next,” “Continue,” or “Launch,” that could lead you directly into the tutorial.\n\nIf nothing seems to work, try refreshing the page or making sure you’re logged in. If you let me know what options you see, I can help guide you further.\n\nReady to talk about anything else in your AI tutorial or training process?'}, {'user': 'i see \n""chat with tutor"" as an option. that opens this chat we are having now', 'assistant': 'That\'s right! The ""chat with tutor"" option connects you here, where I can help explain concepts, guide you through your AI training, or answer any questions you have about large language models (LLMs), their training process, or related topics.\n\nIf you\'re looking to move forward in your tutorial or access specific training modules, try looking for another option or button that says things like ""Start Tutorial,"" ""Next Lesson,"" or ""Practice Module."" Sometimes these options are separate from the tutor chat.\n\nIf your goal is to understand something from your current training—for example, how LLMs learn, what demonstration data is, or how to interpret rewards/losses during training—just let me know what you\'d like to focus on, and I’ll explain those topics for you!'}]",1,1,1,1,1,1,0,1,1,1,1,0,1,Treatment,Hotel,1,1,1,2,1,1,3,1,1,1,1,3,1,9,2,18
147,808.51,[],1,1,1,1,1,1,0,1,1,1,1,1,1,Treatment,MMP,1,1,1,1,1,1,2,1,1,1,1,1,1,10,2,14
256,1079.51,"[{'user': 'Is there any bonus available', 'assistant': 'It sounds like you might be thinking in terms of sales incentives or rewards! In the context of AI training, especially when we talk about how models learn, the idea of ""bonus"" is somewhat similar to ""rewards"" in reinforcement learning (RLHF). Here, the AI receives positive feedback (reward) when it makes good decisions (like closing a sale), and negative feedback (loss) when it makes mistakes.\n\nIf you meant in your tutorial or quiz, you may want to check the instructions or revisit the section on rewards and loss. Think about how ""rewards"" in AI training are used to encourage better performance, just like bonuses in sales encourage higher achievement. What do you think happens to the model’s behavior as rewards increase or decrease?'}, {'user': 'I have no idea', 'assistant': 'That’s completely okay! Let’s break it down using a sales example, since that’s your background.\n\nImagine you’re training a new sales rep. You give them feedback for every pitch they make:\n- If they say the right thing and make the sale, you give them a high five or a bonus—positive feedback.\n- If they say something incorrect and lose the sale, you gently point out the mistake—negative feedback.\n\nIn AI training, this feedback is similar:\n- **Rewards** are like bonuses for making good choices.\n- **Loss** is like the number of mistakes; you want this to go down as the AI improves.\n\nSo, as the AI (or your sales rep) gets better, you should see:  \n- **Rewards going up** (more successes/bonuses)\n- **Loss going down** (fewer mistakes)\n\nDoes this sales analogy make the idea clearer? Where do you see this matching your experience so far?'}, {'user': 'yes it does', 'assistant': 'Great! If you’re comfortable with the analogy, think of each phase of AI training as different stages in prepping a sales team:\n\n- **PreTraining** is like giving your team a big manual or script to read so they know the basics.\n- **Supervised Fine-Tuning (SFT)** is when you have them practice sales calls and give direct feedback on their performance.\n- **Reinforcement Learning from Human Feedback (RLHF)** is like real-time coaching, where you reward reps when they handle objections well or steer conversations positively, encouraging the behavior you want.\n\nIn all phases, you look for “loss” to go down (fewer errors) and “rewards” to go up (more successful interactions), just like tracking performance metrics in sales.\n\nWould you like to know how AI deals with challenges like bias or hallucination, similar to handling difficult customers or misinformation in sales?'}, {'user': 'yes', 'assistant': 'Great! Handling bias and hallucinations in AI is similar to guiding your sales team to avoid misinformation or unfair assumptions when talking to clients.\n\n**Bias:**  \nJust like a sales rep might unconsciously treat certain customers differently, AI can pick up unwanted patterns from its training data—for example, assuming certain products only appeal to certain groups. This is called ""bias."" In sales, you\'d recognize and correct bias by reviewing past dialogues and encouraging fair treatment. For AI, we try to spot and fix these patterns by adjusting training data or setting guidelines, aiming for more neutral and accurate responses.\n\n**Hallucination:**  \nImagine a sales rep confidently gives a customer a feature that doesn\'t exist. In AI, this is called ""hallucination""—the model generates information that sounds plausible but isn\'t supported by facts. To fix this, you might train your sales rep to always double-check details; similarly, in AI, we train and fine-tune models to reduce made-up or inaccurate information.\n\nWould you like to see more real-world sales examples for these AI concepts?'}, {'user': 'I would love that', 'assistant': ""Absolutely! Here are some sales-related examples to illustrate common AI challenges:\n\n**Bias Example:**  \nImagine your sales database shows that most high-value purchases come from a certain age group. If you train new reps using only those examples, they may assume only that age group is worth targeting, ignoring other potential customers. Similarly, if an AI is trained on biased data, it might unfairly favor or ignore certain groups in its responses.\n\n**Hallucination Example:**  \nSuppose a sales rep, wanting to impress a client, claims your product can do something it actually can’t. This is like an AI “hallucinating”—confidently making up inaccurate answers because it thinks that's what you want to hear.\n\n**Persuasion Example:**  \nA skilled sales rep uses positive language and empathy to convince a hesitant customer. AI can be trained to use persuasive language too, but needs to do so responsibly—without misleading or putting undue pressure on users.\n\nWould you like to explore how training data quality affects these issues?""}, {'user': 'yes', 'assistant': 'Great! Quality of training data is crucial—just like in sales, where the quality of examples, scripts, or call recordings you use to train new reps makes a huge difference in their future performance.\n\n**If the data is biased:**  \nImagine teaching new hires only with recordings of the best sales to one type of customer. They’ll miss out on learning how to handle objections or talk to diverse clients. Similarly, if AI is fed data with underlying stereotypes or missing scenarios, it will pick up—and repeat—those flaws.\n\n**If the data contains mistakes:**  \nTraining reps with scripts that have errors or exaggerated claims leads to misinformation on calls. If AI is trained on incorrect or unreliable information, it may “hallucinate” or confidently spread these mistakes during real interactions.\n\nHigh-quality, diverse, accurate training data helps both sales reps and AI models make better, fairer, and more trustworthy decisions.\n\nWould you like to know more about how experts “clean up” or evaluate AI training data?'}]",1,1,1,1,1,1,0,0,1,1,1,0,1,Treatment,MMP,1,1,1,1,1,1,4,4,1,1,1,2,1,9,1,20
191,400.2,[],1,1,1,0,1,0,1,0,1,1,1,1,0,Treatment,Donation,1,1,1,2,1,2,1,2,1,1,1,1,1,9,0,16
143,1114.38,[],1,1,1,1,1,1,0,1,0,1,1,0,0,Treatment,Hotel,1,1,1,1,1,1,2,1,2,1,1,2,2,8,1,17
53,743.32,[],1,1,1,1,1,1,0,1,1,0,1,0,1,Treatment,MMP,1,3,1,1,1,2,2,1,1,2,1,2,1,8,2,19
58,930.89,[],1,0,1,1,1,1,0,1,1,1,1,1,1,Treatment,Hotel,1,2,1,1,1,1,2,1,1,1,1,1,1,9,2,15
116,654.83,[],1,1,1,1,1,1,0,1,1,1,1,1,0,Treatment,Hotel,1,1,1,1,1,1,4,1,1,1,1,1,3,10,1,18
247,1075.79,[],0,1,1,1,1,1,0,1,1,1,1,1,1,Treatment,Donation,2,3,1,3,1,1,2,1,1,1,1,1,1,9,2,19
110,1197.43,"[{'user': 'does the ai calculate the percentage based on what it has been trained with or are those values taught to it', 'assistant': ""Great question! When an AI, like a large language model, calculates a percentage or any probability, it's not explicitly “taught” exact values like you might teach a person specific legal statutes to memorize. Instead, it learns from vast amounts of training data.\n\nHere’s an analogy: Imagine a law student reading hundreds of case files. Over time, the student develops a sense of how likely a judge is to rule a certain way based on similar facts; they aren’t given a chart of probabilities—they develop their own sense by exposure.\n\nSimilarly, AI observes patterns in its training data and develops internal “weights” that estimate these percentages or probabilities. So, its calculations are learned from patterns in data, not directly programmed or “taught” specific values.""}, {'user': 'are reward and loss two different values but both plotted on an x-y', 'assistant': 'Great clarification! Reward and loss are related, but they’re distinct concepts in AI training:\n\n- **Loss** measures how far the AI’s current answer is from the “correct” answer. Think of it like a law student’s exam: the higher the number of mistakes, the higher the loss.\n- **Reward** is used in certain AI training phases, like RLHF (Reinforcement Learning from Human Feedback). Here, reward represents positive feedback for desirable answers—like getting points for ethical arguments or compelling legal briefs.\n\nBoth loss and reward can be plotted over training time (like progress over semesters), but usually on separate graphs since they have different meanings and scales.\n\nIf you see both on one chart, it’s like tracking ""errors made"" and ""praise received"" on one timeline: both indicate learning progress, but from opposite perspectives. Does this distinction help clarify the terms?'}, {'user': 'how is reward figured', 'assistant': 'Reward in AI training—especially in steps like RLHF (Reinforcement Learning from Human Feedback)—works like a feedback system you might be familiar with in legal internships or clerkships.\n\nImagine an intern writes a legal memo. A supervising attorney reviews it, marking sections as “good,” “needs improvement,” or “excellent reasoning.” This feedback isn’t a numeric grade, but the intern knows what’s encouraged and what to avoid.\n\nSimilarly, in RLHF, an AI generates several possible answers to a prompt. Human reviewers then rank or rate these answers based on qualities like usefulness, safety, accuracy, or alignment with ethical guidelines. This ranking is converted into a numeric reward—higher for better responses, lower for issues like bias or hallucination. The AI then adjusts its future output to aim for higher rewards, like an intern learning to write memos that satisfy supervisors.\n\nSo, the reward is “figured” by turning human feedback into a number the AI can learn from.'}]",1,1,1,1,1,1,0,1,1,1,1,1,1,Treatment,MMP,1,1,1,1,1,1,2,1,1,1,1,2,1,10,2,15
249,1334.07,"[{'user': 'What are the alternatives?', 'assistant': ""When considering alternatives in the context of training Large Language Models (LLMs), you might be asking about methods aside from standard approaches like PreTraining, Supervised Fine-Tuning (SFT), and Reinforcement Learning from Human Feedback (RLHF). Here are some alternatives and related strategies:\n\n1. **Unsupervised Learning:** Rather than using labeled data, the model learns patterns from raw, unlabeled text—similar to how you might observe general customer trends without specific purchase outcomes.\n\n2. **Few-Shot and Zero-Shot Learning:** The model is shown a few examples or none at all, and it's expected to generalize—like a new salesperson understanding how to sell a new product by learning from just a few pitches.\n\n3. **Curriculum Learning:** The model is trained on easier tasks first, then moves to harder ones, much like training junior sales reps before giving them high-stake clients.\n\n4. **Human-in-the-Loop Feedback:** Instead of relying fully on AI or data, continuous human feedback ensures training offloads errors and bias—similar to regular reviews and coaching in sales.\n\nWhich area are you most interested in learning more about?""}]",1,1,1,1,1,1,0,1,1,1,1,0,1,Treatment,Donation,1,1,1,1,1,1,3,1,1,1,1,2,1,9,2,16
20,622.67,[],1,1,1,1,1,1,1,1,0,1,1,0,1,Treatment,Hotel,1,1,1,1,1,1,1,1,2,1,1,2,1,9,2,15
74,737.66,[],1,1,1,1,1,1,0,1,1,1,1,0,1,Treatment,Donation,1,1,1,4,2,1,2,1,1,1,1,2,1,9,2,19
9,667.15,"[{'user': 'Finish this sentence.  The sky was  ', 'assistant': 'Let\'s tie this back to how AI, like Large Language Models (LLMs), works with text. When you give a prompt like ""The sky was..."", the AI tries to predict what words usually come next, based on patterns it learned during training. For example, it might complete with ""blue,"" ""cloudy,"" or ""full of stars,"" depending on context.\n\nThis process is called **autoregression**—the model predicts the next word by looking at the words before it. Just as in sales, where you anticipate a customer’s needs from prior conversation, LLMs predict text by anticipating what comes next!\n\nIf you’d like, try completing the sentence in a few different ways and imagine how the AI might choose among your options. This will help you see how language models generate creative or relevant responses!'}]",0,1,1,1,1,1,0,0,0,1,1,0,1,Treatment,Donation,2,1,1,1,1,1,2,2,3,1,1,3,1,7,1,20
77,383.65,[],1,1,1,1,1,1,1,1,1,1,1,1,0,Treatment,Donation,1,1,1,1,1,1,1,1,1,1,2,1,3,11,1,16
129,1155.98,[],0,1,0,1,1,1,0,1,0,1,1,0,0,Treatment,Donation,5,1,2,1,1,1,2,1,2,1,1,2,1,6,1,21
151,605.05,[],1,1,1,1,1,1,0,0,1,1,1,1,1,Treatment,Hotel,1,1,1,1,1,1,2,2,1,1,1,1,1,10,1,15
34,1301.21,[],0,0,0,1,1,1,0,1,0,1,1,1,1,Treatment,MMP,4,2,4,3,1,1,2,1,2,1,1,4,1,6,2,27
260,604.11,[],0,1,1,1,1,1,0,1,1,0,0,0,1,Treatment,MMP,2,1,1,1,1,1,2,1,1,2,2,2,1,6,2,18
103,533.67,[],0,1,1,1,1,1,0,1,1,1,1,1,0,Treatment,Donation,4,1,1,1,1,1,2,1,1,1,1,1,2,9,1,18
134,1080.98,"[{'user': 'What does the CDC say about maintaining a healthy weight.', 'assistant': 'That’s a good question! However, my focus is on explaining how artificial intelligence and large language models (LLMs) are trained. If you’d like, I can help you explore how AI models might process or generate health information—such as what the CDC says about healthy weight—by understanding their training data and how they avoid or handle misinformation. Let me know if you’d like to learn about that or have questions about AI-related topics!'}]",1,1,1,1,1,1,0,1,1,1,1,1,1,Treatment,Hotel,1,1,1,1,1,1,3,1,1,1,1,1,1,10,2,15
204,479.42,[],1,1,1,1,1,1,0,1,1,1,1,0,1,Treatment,MMP,1,1,1,1,1,1,2,1,1,1,1,2,1,9,2,15
221,758.51,[],1,1,1,1,1,1,0,1,0,1,1,1,1,Treatment,Hotel,4,1,1,1,1,1,2,1,2,1,1,1,1,9,2,18
272,1422.67,[],1,1,1,1,1,1,0,1,1,1,1,0,1,Treatment,Donation,1,1,1,2,3,1,2,1,1,1,1,2,1,9,2,18
233,701.0,[],1,1,0,1,1,1,0,0,1,1,1,1,0,Treatment,Donation,1,2,3,1,1,1,2,4,1,1,1,1,3,9,0,22
4,1121.16,[],1,1,0,1,1,1,0,0,0,1,0,1,1,Treatment,Hotel,4,1,2,3,1,1,2,2,2,1,2,1,1,7,1,23
71,720.17,[],1,1,1,1,1,1,0,0,0,1,1,1,0,Treatment,Donation,1,1,1,1,1,1,2,4,2,1,1,1,1,9,0,18
76,562.21,[],1,1,1,1,1,1,0,1,1,1,1,1,1,Treatment,MMP,1,1,1,1,1,1,2,1,1,1,1,1,1,10,2,14
235,993.38,[],1,1,1,1,1,1,0,1,1,0,1,1,1,Treatment,Hotel,8,7,1,1,1,1,2,1,1,2,1,1,1,9,2,28
23,407.21,"[{'user': 'why would you answer new york', 'assistant': ""It sounds like you’re asking why an AI model (like a large language model) might answer “New York” to a question. Let's think about how AI chooses its answers:\n\nLanguage models are trained on vast amounts of text and learn to predict the most likely next word or phrase based on context. If you ask a question like “What is the most populous city in the United States?”, the model has seen many examples where “New York” is the correct answer.\n\nHowever, sometimes, even if the question is unclear or even if “New York” isn’t quite right, the model might still give that answer if it’s the most likely based on patterns in its training data.\n\nCan you think of a specific example or scenario where “New York” was answered? That could help us explore why the model picked it!""}]",1,1,1,1,1,1,0,0,0,1,1,1,1,Treatment,MMP,1,1,1,1,1,1,2,2,2,1,1,1,1,9,1,16
91,1049.59,[],1,1,1,1,1,1,0,1,1,0,1,1,1,Treatment,Hotel,1,1,1,1,1,1,2,1,1,2,1,1,1,9,2,15
183,1132.49,[],1,1,1,1,1,1,0,1,0,1,1,1,1,Treatment,Donation,1,1,1,1,1,1,2,1,2,1,1,1,1,9,2,15
8,675.25,[],1,1,1,1,1,1,0,1,1,1,1,1,1,Treatment,Hotel,1,1,1,1,1,1,2,1,1,1,1,1,1,10,2,14
201,567.25,[],1,0,0,1,0,1,0,0,1,1,1,0,0,Treatment,MMP,1,3,4,1,2,1,3,4,1,1,1,2,4,6,0,28
108,530.49,"[{'user': 'Were Philadelphia and New York once capitals in America', 'assistant': 'That’s an interesting question, but it’s not directly related to AI or how large language models are trained. If you’d like to discuss AI, such as how language models can learn from historical texts or how biases in data (like historical records) can affect AI outputs, I’m happy to help explain those concepts!\n\nWould you like to explore how AI models might learn from historical documents, or would you like to get back to topics like AI training methods (such as pretraining, SFT, or RLHF)?'}, {'user': 'Training methods', 'assistant': 'Great! Let’s break down the main training methods for large language models (LLMs) in a way that’s practical and easy to understand, especially if you relate to how people are trained in organizations:\n\n1. **Pre-training:**  \n   Think of this like onboarding a new employee. The model is shown huge amounts of general data (books, articles, websites) and learns patterns in language. At this stage, the model learns to predict the next word in a sentence but doesn’t know how to answer specific questions or behave correctly yet.\n\n2. **Supervised Fine-Tuning (SFT):**  \n   This is like job-specific training. Experts provide examples of good Q&A, and the model learns to give helpful, relevant answers. The model’s “performance reviews” here are based on how close it gets to these expert answers.\n\n3. **Reinforcement Learning from Human Feedback (RLHF):**  \n   Imagine ongoing coaching or performance bonuses. Humans rate responses, and the model is rewarded for better behavior and corrected for mistakes. The “reward score” increases as the model gets better at making safe, helpful, and accurate responses.\n\nLoss generally **decreases** with better learning; reward generally **increases** as the model improves.  \n\nWould you like a real-world analogy or want to know more about one specific stage?'}]",1,1,1,1,1,1,0,1,1,1,1,0,0,Treatment,Donation,1,1,1,1,1,1,3,1,1,1,1,3,2,9,1,18
230,291.58,[],1,1,1,1,1,1,0,0,1,1,0,1,0,Treatment,Hotel,1,1,1,3,1,1,3,2,1,1,2,1,1,9,0,19
152,398.38,[],0,0,1,1,1,1,0,1,1,1,1,0,1,Treatment,Hotel,3,2,1,1,1,1,2,1,1,1,1,2,1,7,2,18
145,687.07,[],1,1,1,1,1,1,0,1,1,1,1,1,1,Treatment,Donation,1,1,1,1,1,1,2,1,2,1,1,1,1,10,2,15
121,792.17,[],1,0,1,1,1,1,0,0,0,0,1,1,0,Treatment,MMP,1,2,1,1,1,1,2,4,2,2,1,1,1,7,0,20
250,1886.59,[],0,1,0,1,1,1,0,0,1,1,1,1,1,Treatment,Hotel,4,1,3,3,1,1,2,2,1,1,1,1,1,8,1,22
99,686.92,"[{'user': ""how do i know if it's she or h"", 'assistant': 'It seems like you’re asking about how language models (like ChatGPT) determine gendered pronouns, such as ""she"" or ""he."" \n\nGenerally, LLMs look at the patterns and context from their training data. If the previous parts of the text mention ""Mary,"" the model may infer to use ""she."" If the name is ""John,"" it may choose ""he."" Sometimes, if there\'s no clear context, the model might make a guess—which is where mistakes can happen, especially if the data itself is biased.\n\nThink of it like reading a business report: if it says ""The CFO, Anna, stated..."" you’ll expect the next pronoun to be ""she."" But if there’s no context, you can’t be sure, and that’s how an AI might also get confused. \n\nDoes that help explain how gender pronouns are chosen in AI text generation?'}]",1,1,1,1,1,1,0,1,0,1,1,1,1,Treatment,Donation,1,1,1,1,1,1,4,1,2,1,1,1,1,9,2,17
169,751.87,[],1,1,1,1,1,1,0,0,1,1,1,1,1,Treatment,MMP,1,1,1,1,1,1,2,3,1,1,1,1,1,10,1,16
102,1596.7,[],1,1,1,1,1,1,0,0,1,1,1,1,0,Treatment,Donation,1,1,1,1,1,1,3,2,1,1,1,1,1,10,0,16
165,818.3,[],1,1,1,1,1,1,0,1,0,1,1,0,1,Treatment,Donation,6,1,1,1,1,1,2,1,2,1,1,2,1,8,2,21
205,1217.99,[],1,1,1,1,1,1,0,0,1,1,1,1,1,Treatment,Hotel,1,1,1,4,1,1,2,2,1,1,1,1,1,10,1,18
150,562.01,[],1,1,1,1,1,1,0,1,1,1,1,1,1,Treatment,Donation,1,1,1,1,1,1,2,1,1,1,1,1,1,10,2,14
19,374.06,[],1,1,1,1,1,1,0,1,1,1,1,1,0,Treatment,Hotel,1,1,1,1,1,1,2,1,1,1,1,1,3,10,1,16
86,435.57,[],1,1,1,1,1,1,0,1,0,1,1,1,1,Treatment,Donation,1,1,1,1,1,1,2,1,2,1,1,1,1,9,2,15
167,344.17,[],1,1,1,1,1,1,0,0,1,1,1,1,1,Treatment,MMP,1,1,1,1,1,1,2,3,1,1,1,1,1,10,1,16
146,714.82,[],1,1,1,1,1,1,0,1,1,0,1,1,1,Treatment,MMP,1,1,1,1,1,1,2,1,1,2,1,1,1,9,2,15
266,996.69,[],0,0,1,1,1,1,0,1,1,1,1,0,1,Treatment,Hotel,4,4,1,1,1,1,2,1,1,1,1,2,1,7,2,21
